State,Rank,Type,Remark,Time
Tokenization,0,Compute,,0.003
Prefill,0,Compute,,0.156
Prefill,0,Communication,Send Hidden,0.006
Decode 1,0,Compute,,0.026
Decode 1,0,Communication,Send Hidden,0.003
Decode 2,0,Compute,,0.016
Decode 2,0,Communication,Send Hidden,0.003
Decode 3,0,Compute,,0.024
Decode 3,0,Communication,Send Hidden,0.003
Decode 4,0,Compute,,0.028
Decode 4,0,Communication,Send Hidden,0.003
Decode 5,0,Compute,,0.030
Decode 5,0,Communication,Send Hidden,0.003
Decode 6,0,Compute,,0.031
Decode 6,0,Communication,Send Hidden,0.003
Decode 7,0,Compute,,0.030
Decode 7,0,Communication,Send Hidden,0.003
Decode 8,0,Compute,,0.026
Decode 8,0,Communication,Send Hidden,0.003
Decode 9,0,Compute,,0.030
Decode 9,0,Communication,Send Hidden,0.003
Decode 10,0,Compute,,0.030
Decode 10,0,Communication,Send Hidden,0.003
Decode 11,0,Compute,,0.030
Decode 11,0,Communication,Send Hidden,0.003
Decode 12,0,Compute,,0.030
Decode 12,0,Communication,Send Hidden,0.003
Decode 13,0,Compute,,0.030
Decode 13,0,Communication,Send Hidden,0.003
Decode 14,0,Compute,,0.029
Decode 14,0,Communication,Send Hidden,0.003
Decode 15,0,Compute,,0.029
Decode 15,0,Communication,Send Hidden,0.003
Decode 16,0,Compute,,0.032
Decode 16,0,Communication,Send Hidden,0.003
Decode 17,0,Compute,,0.023
Decode 17,0,Communication,Send Hidden,0.003
Decode 18,0,Compute,,0.029
Decode 18,0,Communication,Send Hidden,0.003
Decode 19,0,Compute,,0.030
Decode 19,0,Communication,Send Hidden,0.003
Decode 20,0,Compute,,0.030
Decode 20,0,Communication,Send Hidden,0.003
Decode 21,0,Compute,,0.030
Decode 21,0,Communication,Send Hidden,0.003
Decode 22,0,Compute,,0.029
Decode 22,0,Communication,Send Hidden,0.003
Decode 23,0,Compute,,0.024
Decode 23,0,Communication,Send Hidden,0.003
Decode 24,0,Compute,,0.029
Decode 24,0,Communication,Send Hidden,0.003
Decode 25,0,Compute,,0.030
Decode 25,0,Communication,Send Hidden,0.003
Decode 26,0,Compute,,0.029
Decode 26,0,Communication,Send Hidden,0.003
Decode 27,0,Compute,,0.029
Decode 27,0,Communication,Send Hidden,0.003
Decode 28,0,Compute,,0.029
Decode 28,0,Communication,Send Hidden,0.003
Decode 29,0,Compute,,0.029
Decode 29,0,Communication,Send Hidden,0.004
Decode 30,0,Compute,,0.029
Decode 30,0,Communication,Send Hidden,0.004
Decode 31,0,Compute,,0.024
Decode 31,0,Communication,Send Hidden,0.003
Decode 32,0,Compute,,0.029
Decode 32,0,Communication,Send Hidden,0.003
Decode 33,0,Compute,,0.029
Decode 33,0,Communication,Send Hidden,0.003
Decode 34,0,Compute,,0.029
Decode 34,0,Communication,Send Hidden,0.003
Decode 35,0,Compute,,0.029
Decode 35,0,Communication,Send Hidden,0.003
Decode 36,0,Compute,,0.029
Decode 36,0,Communication,Send Hidden,0.003
Decode 37,0,Compute,,0.027
Decode 37,0,Communication,Send Hidden,0.003
Decode 38,0,Compute,,0.030
Decode 38,0,Communication,Send Hidden,0.003
Decode 39,0,Compute,,0.029
Decode 39,0,Communication,Send Hidden,0.003
Decode 40,0,Compute,,0.030
Decode 40,0,Communication,Send Hidden,0.003
Decode 41,0,Compute,,0.030
Decode 41,0,Communication,Send Hidden,0.003
Decode 42,0,Compute,,0.030
Decode 42,0,Communication,Send Hidden,0.003
Decode 43,0,Compute,,0.029
Decode 43,0,Communication,Send Hidden,0.003
Decode 44,0,Compute,,0.029
Decode 44,0,Communication,Send Hidden,0.003
Decode 45,0,Compute,,0.027
Decode 45,0,Communication,Send Hidden,0.004
Decode 46,0,Compute,,0.027
Decode 46,0,Communication,Send Hidden,0.003
Decode 47,0,Compute,,0.015
Decode 47,0,Communication,Send Hidden,0.003
Decode 48,0,Compute,,0.029
Decode 48,0,Communication,Send Hidden,0.003
Decode 49,0,Compute,,0.029
Decode 49,0,Communication,Send Hidden,0.003
Decode 50,0,Compute,,0.030
Decode 50,0,Communication,Send Hidden,0.003
Decode 51,0,Compute,,0.030
Decode 51,0,Communication,Send Hidden,0.003
Decode 52,0,Compute,,0.025
Decode 52,0,Communication,Send Hidden,0.003
Decode 53,0,Compute,,0.030
Decode 53,0,Communication,Send Hidden,0.003
Decode 54,0,Compute,,0.030
Decode 54,0,Communication,Send Hidden,0.003
Decode 55,0,Compute,,0.030
Decode 55,0,Communication,Send Hidden,0.003
Decode 56,0,Compute,,0.030
Decode 56,0,Communication,Send Hidden,0.003
Decode 57,0,Compute,,0.029
Decode 57,0,Communication,Send Hidden,0.003
Decode 58,0,Compute,,0.029
Decode 58,0,Communication,Send Hidden,0.003
Decode 59,0,Compute,,0.030
Decode 59,0,Communication,Send Hidden,0.003
Decode 60,0,Compute,,0.022
Decode 60,0,Communication,Send Hidden,0.003
Decode 61,0,Compute,,0.030
Decode 61,0,Communication,Send Hidden,0.004
Decode 62,0,Compute,,0.030
Decode 62,0,Communication,Send Hidden,0.003
Decode 63,0,Compute,,0.030
Decode 63,0,Communication,Send Hidden,0.003
Decode 64,0,Compute,,0.031
Decode 64,0,Communication,Send Hidden,0.003
Decode 65,0,Compute,,0.030
Decode 65,0,Communication,Send Hidden,0.003
Decode 66,0,Compute,,0.030
Decode 66,0,Communication,Send Hidden,0.004
Decode 67,0,Compute,,0.030
Decode 67,0,Communication,Send Hidden,0.003
Decode 68,0,Compute,,0.031
Decode 68,0,Communication,Send Hidden,0.003
Decode 69,0,Compute,,0.030
Decode 69,0,Communication,Send Hidden,0.003
Decode 70,0,Compute,,0.030
Decode 70,0,Communication,Send Hidden,0.003
Decode 71,0,Compute,,0.029
Decode 71,0,Communication,Send Hidden,0.003
Decode 72,0,Compute,,0.030
Decode 72,0,Communication,Send Hidden,0.003
Decode 73,0,Compute,,0.030
Decode 73,0,Communication,Send Hidden,0.003
Decode 74,0,Compute,,0.020
Decode 74,0,Communication,Send Hidden,0.003
Decode 75,0,Compute,,0.031
Decode 75,0,Communication,Send Hidden,0.003
Decode 76,0,Compute,,0.030
Decode 76,0,Communication,Send Hidden,0.003
Decode 77,0,Compute,,0.030
Decode 77,0,Communication,Send Hidden,0.003
Decode 78,0,Compute,,0.030
Decode 78,0,Communication,Send Hidden,0.003
Decode 79,0,Compute,,0.029
Decode 79,0,Communication,Send Hidden,0.003
Decode 80,0,Compute,,0.030
Decode 80,0,Communication,Send Hidden,0.003
Decode 81,0,Compute,,0.031
Decode 81,0,Communication,Send Hidden,0.003
Decode 82,0,Compute,,0.030
Decode 82,0,Communication,Send Hidden,0.003
Decode 83,0,Compute,,0.031
Decode 83,0,Communication,Send Hidden,0.003
Decode 84,0,Compute,,0.031
Decode 84,0,Communication,Send Hidden,0.003
Decode 85,0,Compute,,0.030
Decode 85,0,Communication,Send Hidden,0.003
Decode 86,0,Compute,,0.031
Decode 86,0,Communication,Send Hidden,0.003
Decode 87,0,Compute,,0.031
Decode 87,0,Communication,Send Hidden,0.003
Decode 88,0,Compute,,0.022
Decode 88,0,Communication,Send Hidden,0.003
Decode 89,0,Compute,,0.022
Decode 89,0,Communication,Send Hidden,0.003
Decode 90,0,Compute,,0.030
Decode 90,0,Communication,Send Hidden,0.003
Decode 91,0,Compute,,0.030
Decode 91,0,Communication,Send Hidden,0.003
Decode 92,0,Compute,,0.030
Decode 92,0,Communication,Send Hidden,0.003
Decode 93,0,Compute,,0.031
Decode 93,0,Communication,Send Hidden,0.003
Decode 94,0,Compute,,0.030
Decode 94,0,Communication,Send Hidden,0.003
Decode 95,0,Compute,,0.031
Decode 95,0,Communication,Send Hidden,0.003
Decode 96,0,Compute,,0.033
Decode 96,0,Communication,Send Hidden,0.003
Decode 97,0,Compute,,0.030
Decode 97,0,Communication,Send Hidden,0.003
Decode 98,0,Compute,,0.030
Decode 98,0,Communication,Send Hidden,0.003
Decode 99,0,Compute,,0.030
Decode 99,0,Communication,Send Hidden,0.003
Decode 100,0,Compute,,0.030
Decode 100,0,Communication,Send Hidden,0.003
Decode 101,0,Compute,,0.030
Decode 101,0,Communication,Send Hidden,0.003
Decode 102,0,Compute,,0.022
Decode 102,0,Communication,Send Hidden,0.003
Decode 103,0,Compute,,0.015
Decode 103,0,Communication,Send Hidden,0.003
Decode 104,0,Compute,,0.024
Decode 104,0,Communication,Send Hidden,0.003
Decode 105,0,Compute,,0.030
Decode 105,0,Communication,Send Hidden,0.003
Decode 106,0,Compute,,0.030
Decode 106,0,Communication,Send Hidden,0.003
Decode 107,0,Compute,,0.031
Decode 107,0,Communication,Send Hidden,0.003
Decode 108,0,Compute,,0.030
Decode 108,0,Communication,Send Hidden,0.003
Decode 109,0,Compute,,0.029
Decode 109,0,Communication,Send Hidden,0.003
Decode 110,0,Compute,,0.032
Decode 110,0,Communication,Send Hidden,0.003
Decode 111,0,Compute,,0.030
Decode 111,0,Communication,Send Hidden,0.003
Decode 112,0,Compute,,0.030
Decode 112,0,Communication,Send Hidden,0.003
Decode 113,0,Compute,,0.031
Decode 113,0,Communication,Send Hidden,0.003
Decode 114,0,Compute,,0.030
Decode 114,0,Communication,Send Hidden,0.003
Decode 115,0,Compute,,0.031
Decode 115,0,Communication,Send Hidden,0.003
Decode 116,0,Compute,,0.027
Decode 116,0,Communication,Send Hidden,0.003
Decode 117,0,Compute,,0.031
Decode 117,0,Communication,Send Hidden,0.003
Decode 118,0,Compute,,0.030
Decode 118,0,Communication,Send Hidden,0.003
Decode 119,0,Compute,,0.031
Decode 119,0,Communication,Send Hidden,0.003
Decode 120,0,Compute,,0.030
Decode 120,0,Communication,Send Hidden,0.003
Decode 121,0,Compute,,0.031
Decode 121,0,Communication,Send Hidden,0.003
Decode 122,0,Compute,,0.030
Decode 122,0,Communication,Send Hidden,0.003
Decode 123,0,Compute,,0.030
Decode 123,0,Communication,Send Hidden,0.003
Decode 124,0,Compute,,0.030
Decode 124,0,Communication,Send Hidden,0.003
Decode 125,0,Compute,,0.031
Decode 125,0,Communication,Send Hidden,0.003
Decode 126,0,Compute,,0.030
Decode 126,0,Communication,Send Hidden,0.003
Decode 127,0,Compute,,0.031
Decode 127,0,Communication,Send Hidden,0.003
Decode 128,0,Compute,,0.030
Decode 128,0,Communication,Send Hidden,0.003
